<?xml version="1.0" encoding="UTF-8"?>
<inventory xmlns="http://www.demandware.com/xml/impex/inventory/2007-05-31">
	<inventory-list>
		<header list-id="inventory_mv">
			<default-instock>false</default-instock>
			<description>Product Sku inventory</description>
			<use-bundle-inventory-only>false</use-bundle-inventory-only>
			<on-order>false</on-order>
		</header>
		<records>
			<!-- sports-cricket inventory -->
			<record product-id="sports-cricket-001">
				<allocation>100</allocation>
				<perpetual>false</perpetual>
				<preorder-backorder-handling>none</preorder-backorder-handling>
				<ats>100</ats>
				<on-order>0</on-order>
				<turnover>0</turnover>
			</record>
			<record product-id="sports-cricket-002">
				<allocation>100</allocation>
				<perpetual>false</perpetual>
				<preorder-backorder-handling>none</preorder-backorder-handling>
				<ats>100</ats>
				<on-order>0</on-order>
				<turnover>0</turnover>
			</record>
			<record product-id="sports-cricket-003">
				<allocation>100</allocation>
				<perpetual>false</perpetual>
				<preorder-backorder-handling>none</preorder-backorder-handling>
				<ats>100</ats>
				<on-order>0</on-order>
				<turnover>0</turnover>
			</record>
			<record product-id="sports-cricket-004">
				<allocation>100</allocation>
				<perpetual>false</perpetual>
				<preorder-backorder-handling>none</preorder-backorder-handling>
				<ats>100</ats>
				<on-order>0</on-order>
				<turnover>0</turnover>
			</record>
			<record product-id="sports-cricket-005">
				<allocation>100</allocation>
				<perpetual>false</perpetual>
				<preorder-backorder-handling>none</preorder-backorder-handling>
				<ats>100</ats>
				<on-order>0</on-order>
				<turnover>0</turnover>
			</record>
			<record product-id="sports-cricket-006">
				<allocation>100</allocation>
				<perpetual>false</perpetual>
				<preorder-backorder-handling>none</preorder-backorder-handling>
				<ats>100</ats>
				<on-order>0</on-order>
				<turnover>0</turnover>
			</record>
			<record product-id="sports-cricket-007">
				<allocation>0</allocation>
				<perpetual>false</perpetual>
				<preorder-backorder-handling>backorder</preorder-backorder-handling>
				<preorder-backorder-allocation>10</preorder-backorder-allocation>
				<in-stock-date>2011-08-17Z</in-stock-date>
				<in-stock-datetime>2011-08-17T00:00:00.000Z</in-stock-datetime>
				<ats>10</ats>
				<on-order>0</on-order>
				<turnover>0</turnover>
			</record>
			<record product-id="sports-cricket-008">
				<allocation>0</allocation>
				<perpetual>false</perpetual>
				<preorder-backorder-handling>preorder</preorder-backorder-handling>
				<preorder-backorder-allocation>100</preorder-backorder-allocation>
				<in-stock-date>2012-03-09Z</in-stock-date>
				<in-stock-datetime>2012-03-09T00:00:00.000Z</in-stock-datetime>
				<ats>100</ats>
				<on-order>0</on-order>
				<turnover>0</turnover>
			</record>
			<record product-id="sports-cricket-009">
				<allocation>2</allocation>
				<perpetual>false</perpetual>
				<preorder-backorder-handling>none</preorder-backorder-handling>
				<ats>2</ats>
				<on-order>0</on-order>
				<turnover>0</turnover>
			</record>
			<record product-id="sports-cricket-010">
				<allocation>2</allocation>
				<perpetual>false</perpetual>
				<preorder-backorder-handling>none</preorder-backorder-handling>
				<ats>2</ats>
				<on-order>0</on-order>
				<turnover>0</turnover>
			</record>
			<record product-id="sports-cricket-011">
				<allocation>2</allocation>
				<perpetual>false</perpetual>
				<preorder-backorder-handling>none</preorder-backorder-handling>
				<ats>2</ats>
				<on-order>0</on-order>
				<turnover>0</turnover>
			</record>
			<record product-id="sports-cricket-012">
				<allocation>2</allocation>
				<perpetual>false</perpetual>
				<preorder-backorder-handling>none</preorder-backorder-handling>
				<ats>2</ats>
				<on-order>0</on-order>
				<turnover>0</turnover>
			</record>
			<record product-id="sports-cricket-013">
				<allocation>2</allocation>
				<perpetual>false</perpetual>
				<preorder-backorder-handling>none</preorder-backorder-handling>
				<ats>2</ats>
				<on-order>0</on-order>
				<turnover>0</turnover>
			</record>
			<record product-id="sports-cricket-014">
				<allocation>2</allocation>
				<perpetual>false</perpetual>
				<preorder-backorder-handling>none</preorder-backorder-handling>
				<ats>2</ats>
				<on-order>0</on-order>
				<turnover>0</turnover>
			</record>
			<record product-id="sports-cricket-015">
				<allocation>2</allocation>
				<perpetual>false</perpetual>
				<preorder-backorder-handling>none</preorder-backorder-handling>
				<ats>2</ats>
				<on-order>0</on-order>
				<turnover>0</turnover>
			</record>
			<record product-id="sports-cricket-016">
				<allocation>2</allocation>
				<perpetual>false</perpetual>
				<preorder-backorder-handling>none</preorder-backorder-handling>
				<ats>2</ats>
				<on-order>0</on-order>
				<turnover>0</turnover>
			</record>
			<record product-id="sports-cricket-017">
				<allocation>2</allocation>
				<perpetual>false</perpetual>
				<preorder-backorder-handling>none</preorder-backorder-handling>
				<ats>2</ats>
				<on-order>0</on-order>
				<turnover>0</turnover>
			</record>
			<record product-id="sports-cricket-018">
				<allocation>2</allocation>
				<perpetual>false</perpetual>
				<preorder-backorder-handling>none</preorder-backorder-handling>
				<ats>2</ats>
				<on-order>0</on-order>
				<turnover>0</turnover>
			</record>
			<record product-id="sports-cricket-019">
				<allocation>2</allocation>
				<perpetual>false</perpetual>
				<preorder-backorder-handling>none</preorder-backorder-handling>
				<ats>2</ats>
				<on-order>0</on-order>
				<turnover>0</turnover>
			</record>
			<record product-id="sports-cricket-020">
				<allocation>2</allocation>
				<perpetual>false</perpetual>
				<preorder-backorder-handling>none</preorder-backorder-handling>
				<ats>2</ats>
				<on-order>0</on-order>
				<turnover>0</turnover>
			</record>
			<record product-id="sports-cricket-021">
				<allocation>2</allocation>
				<perpetual>false</perpetual>
				<preorder-backorder-handling>none</preorder-backorder-handling>
				<ats>2</ats>
				<on-order>0</on-order>
				<turnover>0</turnover>
			</record>
			<record product-id="sports-cricket-022">
				<allocation>2</allocation>
				<perpetual>false</perpetual>
				<preorder-backorder-handling>none</preorder-backorder-handling>
				<ats>2</ats>
				<on-order>0</on-order>
				<turnover>0</turnover>
			</record>
			<record product-id="sports-cricket-023">
				<allocation>2</allocation>
				<perpetual>false</perpetual>
				<preorder-backorder-handling>none</preorder-backorder-handling>
				<ats>2</ats>
				<on-order>0</on-order>
				<turnover>0</turnover>
			</record>
			<record product-id="sports-cricket-024">
				<allocation>2</allocation>
				<perpetual>false</perpetual>
				<preorder-backorder-handling>none</preorder-backorder-handling>
				<ats>2</ats>
				<on-order>0</on-order>
				<turnover>0</turnover>
			</record>
			<record product-id="sports-cricket-025">
				<allocation>2</allocation>
				<perpetual>false</perpetual>
				<preorder-backorder-handling>none</preorder-backorder-handling>
				<ats>2</ats>
				<on-order>0</on-order>
				<turnover>0</turnover>
			</record>
			<record product-id="sports-cricket-026">
				<allocation>2</allocation>
				<perpetual>false</perpetual>
				<preorder-backorder-handling>none</preorder-backorder-handling>
				<ats>2</ats>
				<on-order>0</on-order>
				<turnover>0</turnover>
			</record>
			<record product-id="sports-cricket-027">
				<allocation>2</allocation>
				<perpetual>false</perpetual>
				<preorder-backorder-handling>none</preorder-backorder-handling>
				<ats>2</ats>
				<on-order>0</on-order>
				<turnover>0</turnover>
			</record>
			<record product-id="sports-cricket-028">
				<allocation>2</allocation>
				<perpetual>false</perpetual>
				<preorder-backorder-handling>none</preorder-backorder-handling>
				<ats>2</ats>
				<on-order>0</on-order>
				<turnover>0</turnover>
			</record>
			<record product-id="sports-cricket-029">
				<allocation>2</allocation>
				<perpetual>false</perpetual>
				<preorder-backorder-handling>none</preorder-backorder-handling>
				<ats>2</ats>
				<on-order>0</on-order>
				<turnover>0</turnover>
			</record>
			<record product-id="sports-cricket-030">
				<allocation>2</allocation>
				<perpetual>false</perpetual>
				<preorder-backorder-handling>none</preorder-backorder-handling>
				<ats>2</ats>
				<on-order>0</on-order>
				<turnover>0</turnover>
			</record>
		</records>
	</inventory-list>
</inventory>