<?xml version="1.0" encoding="UTF-8"?>
<pricebooks xmlns="http://www.demandware.com/xml/impex/pricebook/2006-10-31">
	<pricebook>
		<header pricebook-id="usd-mv-sports-cricket-sale-prices">
			<currency>USD</currency>
			<display-name xml:lang="x-default">Sale Prices</display-name>
			<online-flag>true</online-flag>
			<parent>usd-mv-sports-cricket-list-prices</parent>
		</header>
		<!-- Sports Cricket mv pricebook -->
		<price-tables>
			<price-table product-id="sportscricket001">
                <amount quantity="1">149.00</amount>
            </price-table>
            <price-table product-id="sportscricket002">
                <amount quantity="1">149.00</amount>
            </price-table>
            <price-table product-id="sportscricket003">
                <amount quantity="1">149.00</amount>
            </price-table>
            <price-table product-id="sportscricket004">
                <amount quantity="1">149.00</amount>
            </price-table>
            <price-table product-id="sportscricket005">
                <amount quantity="1">149.00</amount>
            </price-table>
            <price-table product-id="sportscricket006">
                <amount quantity="1">149.00</amount>
            </price-table>
            <price-table product-id="sportscricket007">
                <amount quantity="1">149.00</amount>
            </price-table>
            <price-table product-id="sportscricket008">
                <amount quantity="1">149.00</amount>
            </price-table>
            <price-table product-id="sportscricket009">
                <amount quantity="1">149.00</amount>
            </price-table>
            <price-table product-id="sportscricket010">
                <amount quantity="1">149.00</amount>
            </price-table>
            <price-table product-id="sportscricket011">
                <amount quantity="1">149.00</amount>
            </price-table>
            <price-table product-id="sportscricket012">
                <amount quantity="1">149.00</amount>
            </price-table>
            <price-table product-id="sportscricket013">
                <amount quantity="1">149.00</amount>
            </price-table>
            <price-table product-id="sportscricket014">
                <amount quantity="1">149.00</amount>
            </price-table>
            <price-table product-id="sportscricket015">
                <amount quantity="1">149.00</amount>
            </price-table>
            <price-table product-id="sportscricket016">
                <amount quantity="1">149.00</amount>
            </price-table>
            <price-table product-id="sportscricket017">
                <amount quantity="1">149.00</amount>
            </price-table>
            <price-table product-id="sportscricket018">
                <amount quantity="1">149.00</amount>
            </price-table>
            <price-table product-id="sportscricket019">
                <amount quantity="1">149.00</amount>
            </price-table>
            <price-table product-id="sportscricket020">
                <amount quantity="1">149.00</amount>
            </price-table>
            <price-table product-id="sportscricket021">
                <amount quantity="1">149.00</amount>
            </price-table>
            <price-table product-id="sportscricket022">
                <amount quantity="1">149.00</amount>
            </price-table>
            <price-table product-id="sportscricket023">
                <amount quantity="1">149.00</amount>
            </price-table>
            <price-table product-id="sportscricket024">
                <amount quantity="1">149.00</amount>
            </price-table>
            <price-table product-id="sportscricket025">
                <amount quantity="1">149.00</amount>
            </price-table>
            <price-table product-id="sportscricket026">
                <amount quantity="1">149.00</amount>
            </price-table>
            <price-table product-id="sportscricket027">
                <amount quantity="1">149.00</amount>
            </price-table>
            <price-table product-id="sportscricket028">
                <amount quantity="1">149.00</amount>
            </price-table>
            <price-table product-id="sportscricket029">
                <amount quantity="1">149.00</amount>
            </price-table>
            <price-table product-id="sportscricket030">
                <amount quantity="1">149.00</amount>
            </price-table>
		</price-tables>
	</pricebook>
</pricebooks>



