<?xml version="1.0" encoding="UTF-8"?>
<inventory xmlns="http://www.demandware.com/xml/impex/inventory/2007-05-31">
	<inventory-list>
		<header list-id="inventory_mv">
			<default-instock>false</default-instock>
			<description>Product Sku inventory</description>
			<use-bundle-inventory-only>false</use-bundle-inventory-only>
			<on-order>false</on-order>
		</header>
		<records>
			<!-- sports-cricket inventory -->
			<record product-id="sportscricket001">
				<allocation>100</allocation>
				<perpetual>false</perpetual>
				<preorder-backorder-handling>none</preorder-backorder-handling>
				<ats>100</ats>
				<on-order>0</on-order>
				<turnover>0</turnover>
			</record>
			<record product-id="sportscricket002">
				<allocation>100</allocation>
				<perpetual>false</perpetual>
				<preorder-backorder-handling>none</preorder-backorder-handling>
				<ats>100</ats>
				<on-order>0</on-order>
				<turnover>0</turnover>
			</record>
			<record product-id="sportscricket003">
				<allocation>100</allocation>
				<perpetual>false</perpetual>
				<preorder-backorder-handling>none</preorder-backorder-handling>
				<ats>100</ats>
				<on-order>0</on-order>
				<turnover>0</turnover>
			</record>
			<record product-id="sportscricket004">
				<allocation>100</allocation>
				<perpetual>false</perpetual>
				<preorder-backorder-handling>none</preorder-backorder-handling>
				<ats>100</ats>
				<on-order>0</on-order>
				<turnover>0</turnover>
			</record>
			<record product-id="sportscricket005">
				<allocation>100</allocation>
				<perpetual>false</perpetual>
				<preorder-backorder-handling>none</preorder-backorder-handling>
				<ats>100</ats>
				<on-order>0</on-order>
				<turnover>0</turnover>
			</record>
			<record product-id="sportscricket006">
				<allocation>100</allocation>
				<perpetual>false</perpetual>
				<preorder-backorder-handling>none</preorder-backorder-handling>
				<ats>100</ats>
				<on-order>0</on-order>
				<turnover>0</turnover>
			</record>
			<record product-id="sportscricket007">
				<allocation>0</allocation>
				<perpetual>false</perpetual>
				<preorder-backorder-handling>backorder</preorder-backorder-handling>
				<preorder-backorder-allocation>10</preorder-backorder-allocation>
				<in-stock-date>2011-08-17Z</in-stock-date>
				<in-stock-datetime>2011-08-17T00:00:00.000Z</in-stock-datetime>
				<ats>10</ats>
				<on-order>0</on-order>
				<turnover>0</turnover>
			</record>
			<record product-id="sportscricket008">
				<allocation>0</allocation>
				<perpetual>false</perpetual>
				<preorder-backorder-handling>preorder</preorder-backorder-handling>
				<preorder-backorder-allocation>100</preorder-backorder-allocation>
				<in-stock-date>2012-03-09Z</in-stock-date>
				<in-stock-datetime>2012-03-09T00:00:00.000Z</in-stock-datetime>
				<ats>100</ats>
				<on-order>0</on-order>
				<turnover>0</turnover>
			</record>
			<record product-id="sportscricket009">
				<allocation>2</allocation>
				<perpetual>false</perpetual>
				<preorder-backorder-handling>none</preorder-backorder-handling>
				<ats>2</ats>
				<on-order>0</on-order>
				<turnover>0</turnover>
			</record>
			<record product-id="sportscricket010">
				<allocation>2</allocation>
				<perpetual>false</perpetual>
				<preorder-backorder-handling>none</preorder-backorder-handling>
				<ats>2</ats>
				<on-order>0</on-order>
				<turnover>0</turnover>
			</record>
			<record product-id="sportscricket011">
				<allocation>2</allocation>
				<perpetual>false</perpetual>
				<preorder-backorder-handling>none</preorder-backorder-handling>
				<ats>2</ats>
				<on-order>0</on-order>
				<turnover>0</turnover>
			</record>
			<record product-id="sportscricket012">
				<allocation>2</allocation>
				<perpetual>false</perpetual>
				<preorder-backorder-handling>none</preorder-backorder-handling>
				<ats>2</ats>
				<on-order>0</on-order>
				<turnover>0</turnover>
			</record>
			<record product-id="sportscricket013">
				<allocation>2</allocation>
				<perpetual>false</perpetual>
				<preorder-backorder-handling>none</preorder-backorder-handling>
				<ats>2</ats>
				<on-order>0</on-order>
				<turnover>0</turnover>
			</record>
			<record product-id="sportscricket014">
				<allocation>2</allocation>
				<perpetual>false</perpetual>
				<preorder-backorder-handling>none</preorder-backorder-handling>
				<ats>2</ats>
				<on-order>0</on-order>
				<turnover>0</turnover>
			</record>
			<record product-id="sportscricket015">
				<allocation>2</allocation>
				<perpetual>false</perpetual>
				<preorder-backorder-handling>none</preorder-backorder-handling>
				<ats>2</ats>
				<on-order>0</on-order>
				<turnover>0</turnover>
			</record>
			<record product-id="sportscricket016">
				<allocation>2</allocation>
				<perpetual>false</perpetual>
				<preorder-backorder-handling>none</preorder-backorder-handling>
				<ats>2</ats>
				<on-order>0</on-order>
				<turnover>0</turnover>
			</record>
			<record product-id="sportscricket017">
				<allocation>2</allocation>
				<perpetual>false</perpetual>
				<preorder-backorder-handling>none</preorder-backorder-handling>
				<ats>2</ats>
				<on-order>0</on-order>
				<turnover>0</turnover>
			</record>
			<record product-id="sportscricket018">
				<allocation>2</allocation>
				<perpetual>false</perpetual>
				<preorder-backorder-handling>none</preorder-backorder-handling>
				<ats>2</ats>
				<on-order>0</on-order>
				<turnover>0</turnover>
			</record>
			<record product-id="sportscricket019">
				<allocation>2</allocation>
				<perpetual>false</perpetual>
				<preorder-backorder-handling>none</preorder-backorder-handling>
				<ats>2</ats>
				<on-order>0</on-order>
				<turnover>0</turnover>
			</record>
			<record product-id="sportscricket020">
				<allocation>2</allocation>
				<perpetual>false</perpetual>
				<preorder-backorder-handling>none</preorder-backorder-handling>
				<ats>2</ats>
				<on-order>0</on-order>
				<turnover>0</turnover>
			</record>
			<record product-id="sportscricket021">
				<allocation>2</allocation>
				<perpetual>false</perpetual>
				<preorder-backorder-handling>none</preorder-backorder-handling>
				<ats>2</ats>
				<on-order>0</on-order>
				<turnover>0</turnover>
			</record>
			<record product-id="sportscricket022">
				<allocation>2</allocation>
				<perpetual>false</perpetual>
				<preorder-backorder-handling>none</preorder-backorder-handling>
				<ats>2</ats>
				<on-order>0</on-order>
				<turnover>0</turnover>
			</record>
			<record product-id="sportscricket023">
				<allocation>2</allocation>
				<perpetual>false</perpetual>
				<preorder-backorder-handling>none</preorder-backorder-handling>
				<ats>2</ats>
				<on-order>0</on-order>
				<turnover>0</turnover>
			</record>
			<record product-id="sportscricket024">
				<allocation>2</allocation>
				<perpetual>false</perpetual>
				<preorder-backorder-handling>none</preorder-backorder-handling>
				<ats>2</ats>
				<on-order>0</on-order>
				<turnover>0</turnover>
			</record>
			<record product-id="sportscricket025">
				<allocation>2</allocation>
				<perpetual>false</perpetual>
				<preorder-backorder-handling>none</preorder-backorder-handling>
				<ats>2</ats>
				<on-order>0</on-order>
				<turnover>0</turnover>
			</record>
			<record product-id="sportscricket026">
				<allocation>2</allocation>
				<perpetual>false</perpetual>
				<preorder-backorder-handling>none</preorder-backorder-handling>
				<ats>2</ats>
				<on-order>0</on-order>
				<turnover>0</turnover>
			</record>
			<record product-id="sportscricket027">
				<allocation>2</allocation>
				<perpetual>false</perpetual>
				<preorder-backorder-handling>none</preorder-backorder-handling>
				<ats>2</ats>
				<on-order>0</on-order>
				<turnover>0</turnover>
			</record>
			<record product-id="sportscricket028">
				<allocation>2</allocation>
				<perpetual>false</perpetual>
				<preorder-backorder-handling>none</preorder-backorder-handling>
				<ats>2</ats>
				<on-order>0</on-order>
				<turnover>0</turnover>
			</record>
			<record product-id="sportscricket029">
				<allocation>2</allocation>
				<perpetual>false</perpetual>
				<preorder-backorder-handling>none</preorder-backorder-handling>
				<ats>2</ats>
				<on-order>0</on-order>
				<turnover>0</turnover>
			</record>
			<record product-id="sportscricket030">
				<allocation>2</allocation>
				<perpetual>false</perpetual>
				<preorder-backorder-handling>none</preorder-backorder-handling>
				<ats>2</ats>
				<on-order>0</on-order>
				<turnover>0</turnover>
			</record>
		</records>
	</inventory-list>
</inventory>